area_sqft,bedrooms,bathrooms,stories,house_age_years,parking_spaces,distance_to_city_km,location_score,furnished,price_inr
3674,4,5,2,27,0,17.8,9,Yes,2146315
1360,1,1,3,11,3,9.2,6,No,1406709
1794,2,2,3,11,3,9.1,7,Yes,1889029
1630,3,2,3,6,0,12.7,10,Yes,2331436
1595,4,4,2,25,3,30.0,2,No,500000
3592,1,1,2,12,0,2.6,10,No,2072755
2138,5,4,2,26,1,17.8,6,Semi,1663902
2669,3,2,2,7,3,3.4,6,Semi,2257295
966,2,2,2,30,3,5.5,2,No,556640
1738,2,2,3,28,0,13.7,2,Semi,500000
830,3,3,1,28,3,15.8,2,No,651592
1982,2,2,3,21,2,8.5,10,Yes,2197635
2635,4,4,1,27,1,10.2,1,No,1007387
3944,1,1,2,25,1,3.5,5,No,1113013
3671,4,4,1,29,3,9.8,8,No,2168289
3419,2,1,3,8,3,29.0,2,Yes,1066291
630,5,4,3,6,2,28.4,5,Semi,1446034
2185,1,1,1,30,2,10.7,8,Yes,1190512
3880,1,1,2,25,3,17.6,10,Semi,1911145
1269,3,4,2,20,3,27.4,5,No,758809
2891,3,2,3,23,2,1.2,2,No,1193634
2015,5,5,1,14,0,24.5,3,Semi,1578696
3985,1,1,2,1,2,28.5,6,Semi,1545090
3353,5,5,2,22,0,3.6,5,Semi,2488299
2933,3,4,3,30,1,5.7,4,No,1280189
1715,3,4,2,19,1,28.9,4,Yes,956671
1455,1,1,1,24,2,16.6,5,No,531952
2824,4,3,3,11,0,1.4,2,Yes,1820244
1684,2,2,3,0,2,8.5,9,No,2340137
959,3,3,1,22,2,14.0,2,Semi,500000
3885,3,4,3,21,0,21.1,10,No,2021133
521,4,5,2,7,2,22.3,2,Semi,1378826
2800,4,4,2,4,1,29.9,10,Semi,2584172
1247,5,5,1,14,3,9.3,9,Semi,2869910
3404,5,5,2,0,3,16.6,3,Semi,2355485
974,2,3,1,0,2,16.5,10,Semi,2130761
1582,2,2,1,24,0,12.8,7,Semi,974044
3058,1,1,2,30,0,5.9,4,Yes,947483
2547,5,5,1,9,1,29.3,6,No,2049090
3247,3,4,2,21,0,25.7,4,Semi,1000870
1475,5,5,3,9,0,15.5,10,Semi,2664884
2306,3,3,3,20,1,18.5,7,Semi,1535968
689,4,3,1,14,2,7.6,1,Semi,1016373
3505,5,5,2,16,3,16.8,3,No,1596515
3234,4,5,2,21,1,21.2,3,No,1128713
3505,2,2,3,5,2,15.9,1,No,1105640
1062,2,1,3,2,1,29.7,6,No,1062326
2399,1,2,2,12,2,18.7,9,Semi,1744539
1767,5,5,1,15,1,11.8,8,Semi,2358104
3379,4,4,3,7,2,23.4,7,Yes,2799277
2028,3,4,1,29,1,5.9,10,Semi,2014987
3702,2,2,1,14,2,12.2,8,No,1854749
1146,2,3,3,16,1,11.1,6,Yes,1704660
2568,3,3,1,16,3,13.5,9,Yes,2495889
3388,4,4,1,21,3,23.7,3,Semi,1100656
2714,4,5,2,25,0,15.0,10,Semi,2332755
1797,5,5,1,12,2,24.0,10,Yes,2963707
2935,5,4,2,16,1,17.7,9,Semi,2806148
1100,1,1,3,5,2,10.9,4,Yes,1397264
2863,2,2,3,16,3,24.5,7,No,1460848
2561,5,5,2,15,2,7.9,9,No,3004318
741,4,5,3,13,1,7.5,2,Semi,1706279
2541,3,3,1,12,2,15.6,2,Semi,1218230
3324,4,4,1,5,1,8.6,9,Yes,3219469
3917,2,1,1,2,3,1.3,3,Yes,2067595
3112,4,3,3,13,3,19.8,9,Semi,2409539
3445,1,2,1,13,3,15.8,5,No,1238714
1863,2,2,3,14,0,13.9,6,Yes,1395959
2639,3,4,1,7,3,29.0,2,Semi,1133714
1890,1,1,2,28,2,17.6,8,No,1018290
3503,2,1,3,14,0,26.0,9,Semi,1861820
1978,3,3,3,21,3,5.0,2,Semi,1001210
3999,1,1,1,28,2,17.5,6,Yes,807042
3056,1,1,3,26,2,26.2,6,Semi,649639
1275,2,3,3,12,2,17.9,8,No,1596686
534,5,5,2,16,1,21.8,10,Yes,2558255
2753,1,1,2,30,0,11.8,5,Semi,500000
3652,1,2,1,20,2,3.7,9,Semi,2157396
2455,3,4,2,23,1,14.3,1,No,701479
2085,4,3,1,2,3,12.4,9,Semi,2794008
3959,2,2,1,27,2,26.1,10,No,1462543
3573,2,3,1,5,1,8.1,7,No,2130489
1521,5,5,3,4,2,29.0,4,Semi,1673264
3961,5,5,2,21,0,28.8,3,No,1390127
3113,2,2,1,25,0,8.2,10,Semi,1712606
1629,5,5,2,16,3,11.1,6,No,2103918
2000,3,3,1,22,2,27.0,1,Semi,512537
1202,2,1,2,24,1,29.0,3,No,500000
2949,5,5,2,1,3,13.9,2,No,2807314
3277,2,2,1,25,2,10.3,9,No,1807629
2079,4,4,3,14,3,16.3,3,Yes,1770902
661,1,1,2,4,1,20.9,2,Yes,500000
701,2,1,3,25,3,8.9,4,No,529705
2481,1,1,3,19,3,22.4,2,Yes,500000
1495,5,5,1,5,3,2.5,1,Semi,2131181
2817,1,2,1,5,2,2.4,6,Yes,1815076
1315,2,3,1,26,1,12.2,10,Semi,1628212
3842,4,4,2,17,0,11.3,8,Semi,2510475
955,5,5,1,17,2,10.2,10,No,2667744
1775,2,3,1,3,0,15.2,10,Semi,2038554
1516,5,5,2,16,0,10.3,2,Yes,1729784
2843,3,4,2,24,2,6.6,9,Semi,2550592
3267,1,1,1,13,2,10.0,3,No,728169
837,3,4,1,13,1,29.3,8,No,1193346
1378,2,1,1,12,1,12.9,8,Semi,1583692
1576,4,3,1,6,3,13.9,3,Semi,1511751
1291,5,5,3,11,0,17.7,3,Semi,1682889
2764,1,1,3,22,1,29.5,6,Yes,1055652
1263,5,4,1,14,3,8.0,1,No,1240080
2735,2,2,3,18,1,20.8,4,No,1170300
879,5,5,2,30,2,21.8,1,Yes,742779
992,1,2,3,10,1,18.6,3,No,500000
3612,2,2,3,14,0,3.6,9,No,2398827
1680,5,5,1,11,1,20.6,5,Semi,1941795
2562,4,4,3,2,0,2.9,5,Yes,2791032
564,2,2,3,16,2,18.3,4,No,575651
3068,2,3,3,2,0,22.4,3,Yes,1630322
1867,4,5,3,18,1,7.1,5,Yes,1826387
1652,3,3,2,19,3,25.4,4,No,956738
2527,1,2,1,3,2,1.9,8,Semi,2505865
3195,3,3,1,2,1,25.5,4,Semi,1319823
1995,5,5,2,25,2,14.3,8,Semi,2193380
3634,4,5,3,15,2,7.3,6,Yes,2689185
1662,3,3,2,11,1,4.9,5,Yes,1679670
2022,2,1,3,7,1,28.6,4,No,500000
3140,5,5,2,23,3,3.1,4,Semi,2090150
891,5,5,1,28,2,6.8,4,Semi,1416752
2198,3,3,1,28,2,11.1,9,Semi,1944985
918,3,3,1,16,1,19.0,4,Semi,626151
2836,4,5,3,6,0,16.8,9,No,2873471
878,1,1,3,10,1,4.6,10,Semi,1982575
2296,3,2,2,17,2,9.4,6,Semi,2004233
2778,3,4,2,0,1,7.9,10,No,3185326
3565,2,1,1,2,3,7.2,7,Yes,2614848
2588,5,5,3,3,0,12.9,10,Yes,3684214
3599,1,2,2,12,1,21.4,3,Semi,756458
2682,2,3,3,5,3,7.3,8,No,2452152
700,4,3,3,25,2,11.6,3,Semi,1222036
2363,4,5,1,13,1,12.3,1,No,933696
1279,3,4,1,4,2,29.3,10,No,2004904
3477,3,4,3,15,3,28.7,5,Semi,1523814
3604,4,4,3,14,2,24.2,2,No,1525884
3619,3,2,3,14,3,8.0,10,No,2675530
1002,1,2,3,29,3,3.0,6,No,1033035
2954,3,3,1,3,3,10.2,10,No,2882101
2251,5,5,2,7,1,8.7,9,No,2774383
1304,3,3,1,26,2,15.7,1,Yes,500000
2646,2,2,2,15,2,23.6,4,No,900191
3231,1,1,3,27,0,25.9,1,No,500000
2395,2,3,2,15,0,25.5,1,No,500000
3273,2,1,1,29,0,11.4,8,Yes,1478055
2070,5,5,1,3,0,20.9,2,Semi,1871726
1460,1,1,3,12,2,10.1,1,Semi,893892
3160,1,1,1,25,3,2.8,8,Yes,1646860
1985,1,1,3,27,3,21.3,4,Semi,500000
3190,1,2,1,12,1,1.3,3,No,1236974
1528,1,1,1,1,3,12.9,4,No,1046597
3789,5,5,3,30,2,10.6,5,Semi,2051969
1002,3,2,2,2,2,21.1,1,No,816482
3314,2,2,1,21,2,23.2,1,Semi,679015
897,1,1,2,7,1,9.8,3,No,808174
1370,3,2,1,23,0,24.5,6,Semi,844688
3342,3,3,1,14,3,9.5,1,No,1543474
892,2,1,1,10,2,13.9,2,No,655516
706,5,5,1,30,2,22.1,7,Semi,1220927
1538,4,5,2,8,0,21.1,1,Yes,1529069
2381,4,5,2,6,2,29.6,7,Semi,2471146
3439,3,3,1,12,3,7.5,4,Semi,2058856
1984,2,2,1,1,1,20.2,10,No,2051940
1363,4,4,2,7,2,18.7,6,No,2071180
3290,3,3,3,6,3,27.5,8,No,2301057
3812,5,5,3,23,2,5.5,9,No,2847604
1063,4,5,2,11,0,22.8,6,No,1505006
1520,3,3,1,18,2,17.5,9,No,1832770
595,3,2,1,6,2,9.0,4,Yes,1389052
2423,1,1,3,9,1,14.8,6,No,1155060
2257,5,5,3,28,0,10.7,8,Semi,2364369
3032,1,1,2,24,0,17.8,9,Semi,1214842
3978,2,3,3,15,1,26.8,3,Semi,1244935
2778,1,1,2,2,2,17.5,2,Semi,811317
3296,1,2,3,29,3,19.3,6,No,1024677
2178,4,4,3,9,0,16.0,4,No,1628235
3742,3,3,3,5,0,2.5,1,Semi,1673021
1040,5,5,1,17,2,7.8,8,Yes,2506238
1559,1,1,1,17,2,15.3,9,No,1448292
3072,5,4,1,4,0,10.0,9,No,2917358
1683,1,1,3,20,2,6.3,2,Yes,1121690
2222,2,1,2,28,3,15.6,9,No,908768
3814,1,2,2,6,0,10.4,7,Semi,1688190
3657,4,3,2,27,3,8.5,5,Semi,2089113
2319,3,2,2,1,3,14.5,7,No,2553529
3125,2,3,1,10,2,4.9,9,Semi,2354578
3229,1,1,1,29,3,27.9,8,Semi,811121
3104,5,5,3,12,2,26.2,6,No,2441914
2097,2,2,3,22,1,21.5,4,Semi,678672
3560,2,2,2,4,2,4.1,1,Yes,1765276
3193,1,2,1,29,3,23.5,6,Semi,724208
1295,2,3,2,5,1,24.4,3,No,611440
1551,5,4,3,23,2,23.3,6,Semi,1639641
2143,2,2,3,25,3,4.3,6,Semi,1515466
1863,5,5,2,28,0,19.7,4,Yes,1411402
2481,1,1,3,13,0,25.2,2,Semi,500000
1854,3,4,2,11,2,17.7,9,No,2351885
2163,2,3,1,3,2,19.7,2,Semi,1185149
2029,3,2,2,28,0,14.3,3,Semi,500000
2538,5,4,1,22,3,16.3,10,No,2813172
3919,2,3,1,5,3,2.0,1,Semi,1718035
1996,4,4,3,9,3,19.5,7,No,2266083
3802,3,3,3,17,2,3.4,1,Semi,1699868
2737,2,2,3,14,1,13.6,9,No,2301780
3796,3,4,2,7,1,9.5,1,Semi,1853367
1908,2,3,2,25,1,16.8,5,Yes,1177140
1900,1,1,3,8,1,4.9,7,Yes,1709208
1806,3,3,2,4,1,21.1,3,Yes,1533233
3180,4,5,3,9,2,24.1,9,Yes,2909093
3175,4,3,2,19,2,5.7,8,No,2510743
1472,5,5,1,5,1,4.0,3,Semi,2353414
2268,2,3,1,15,2,5.2,5,Semi,1867221
1782,3,3,3,23,2,26.4,7,Yes,1097258
3930,5,5,2,26,1,16.3,4,No,1636396
1209,3,2,2,30,3,14.6,5,Yes,1236665
1979,2,1,1,2,2,4.1,3,Semi,1211445
1934,4,4,1,9,3,19.8,9,Yes,2813137
1148,1,2,3,10,2,26.2,10,No,1755760
817,4,4,1,10,2,25.0,9,No,1966959
3796,5,4,3,16,1,19.2,7,Yes,2417416
1757,1,1,1,3,2,3.2,10,No,2159386
1183,5,5,1,30,0,4.3,2,Yes,1458003
1163,2,2,2,3,0,2.4,7,No,2151363
2498,1,1,1,16,1,8.5,7,Semi,1334558
3945,5,5,1,8,3,4.9,5,Semi,2811697
2131,2,1,3,18,3,8.5,9,Semi,2293991
1995,4,4,1,4,3,12.2,3,Semi,2141866
3804,2,3,3,21,0,28.3,4,No,668148
1636,3,4,1,23,3,18.7,1,No,583633
2353,2,2,1,5,3,25.2,6,No,1501955
2020,2,1,3,2,1,21.6,4,Semi,1168977
2989,3,2,2,21,3,4.3,1,Semi,1208179
1063,5,5,3,0,0,22.3,2,Semi,2002954
1791,5,5,3,19,0,9.0,3,Semi,1699055
3957,2,2,3,21,0,19.5,9,Semi,2027248
3958,3,3,2,15,1,10.9,8,Semi,2058976
3684,3,3,1,22,1,29.9,7,No,1664908
2136,4,4,3,10,2,8.6,4,No,2059803
3499,5,4,3,12,3,9.1,1,Yes,2465464
3652,1,2,2,26,1,28.0,8,Yes,1216710
1198,5,4,3,9,0,1.7,4,No,1959906
2660,5,5,1,2,0,21.2,3,Semi,2012252
501,4,4,2,8,1,22.0,9,Yes,1976475
1141,1,1,1,27,1,25.3,10,Semi,821790
2767,4,4,1,11,1,29.3,4,No,1385438
2089,1,2,2,22,2,29.3,4,No,500000
1354,2,3,3,13,0,2.9,9,Semi,2291706
2259,1,2,1,0,2,24.8,2,Yes,1013374
3796,4,4,1,17,2,19.7,5,Semi,2005009
2932,5,5,1,16,3,19.8,4,No,2075977
3974,1,1,1,26,0,4.7,9,No,1328959
2161,1,1,2,8,0,19.9,5,Yes,941106
1653,3,4,2,8,1,29.5,9,Yes,1849979
1576,5,5,1,22,1,27.4,9,Semi,1970741
2207,2,1,3,9,3,13.7,2,Semi,1211138
3277,4,5,1,18,2,2.2,9,No,2586609
2195,2,2,3,28,1,11.5,3,Yes,1033268
2233,5,5,1,14,1,25.0,4,Yes,1658920
1939,1,2,3,4,0,21.3,1,No,500000
2794,1,1,1,14,0,14.3,1,Semi,564488
1335,5,5,3,19,1,2.6,1,No,1155157
702,1,2,1,22,0,13.4,9,No,1054912
3755,1,1,1,29,3,14.6,8,No,1255702
622,1,1,3,24,1,27.9,5,No,500000
900,4,4,2,27,0,19.6,5,No,762901
1266,4,4,3,1,3,10.0,9,Semi,3193384
793,3,3,2,12,0,16.2,3,Semi,1136467
2827,2,2,1,23,0,2.9,3,Semi,693914
3431,5,4,3,15,0,29.2,7,No,2238327
697,5,5,3,14,1,11.4,9,No,2718017
3529,5,4,3,24,2,14.9,6,Semi,2285469
2430,3,2,2,9,0,11.3,2,Semi,1103065
3299,4,3,2,13,3,20.8,1,No,1437202
2691,3,3,1,9,1,20.2,2,Yes,1375876
1108,5,5,2,24,1,21.7,1,Semi,644067
3772,2,2,2,13,3,8.8,10,Yes,2707836
1647,1,2,1,25,0,10.2,10,Semi,1423890
686,4,5,3,29,2,4.6,9,No,2114105
3897,4,3,3,22,0,20.0,10,Semi,2576937
3011,3,3,1,30,3,2.2,8,No,1805484
3920,4,3,3,8,1,18.3,7,Semi,2368119
2294,5,5,2,24,2,26.2,3,No,1602768
1159,5,5,1,13,1,26.8,8,Yes,1901059
3311,3,2,1,2,3,14.0,2,No,1496009
3502,5,5,1,19,0,14.3,2,Yes,1798215
2455,2,2,3,15,2,3.2,10,Yes,2794395
2950,3,3,1,1,1,20.5,3,Semi,1719861
1869,2,1,1,9,1,24.8,7,Semi,1617447
2486,1,1,1,2,1,8.1,1,Semi,873812
2034,2,2,3,10,0,13.2,8,Yes,1848983
646,1,1,2,10,2,25.3,7,Semi,884235
3719,1,1,1,20,0,26.4,4,Yes,500000
3411,2,2,2,20,0,8.1,5,Semi,1329187
2234,3,3,3,21,0,17.0,10,Yes,1985272
2343,5,5,3,12,3,6.6,1,Semi,2237870
988,5,5,3,6,3,4.0,4,Semi,2644589
3476,1,1,3,22,3,27.4,1,Yes,500000
2459,1,1,2,16,2,24.8,1,Yes,500000
2163,3,3,1,29,0,23.0,10,Semi,1243273
3098,4,5,3,1,0,2.4,1,No,1989733
2885,2,1,3,11,3,25.5,7,Semi,1652519
3419,1,2,2,24,0,13.7,7,Yes,1016508
1140,5,5,2,9,0,10.9,4,Yes,2253811
2302,3,3,3,17,1,16.8,2,Yes,688369
3020,2,2,1,21,0,3.6,3,No,673315
2469,3,3,1,26,1,22.9,8,Semi,1615445
2698,2,2,3,10,0,17.9,8,Semi,1734541
1938,2,2,2,15,2,6.4,6,Yes,1661755
3869,1,1,3,16,3,6.5,10,No,2513180
2134,3,4,3,18,1,6.3,9,Yes,2423905
762,3,2,2,17,3,2.7,9,Semi,2262079
2287,5,4,3,2,1,18.0,4,No,2433014
2691,5,5,3,20,1,25.4,1,No,1235515
2893,1,2,3,26,1,1.5,1,No,500000
1123,1,1,2,25,2,2.4,10,Semi,1398423
1516,4,4,1,15,0,17.6,5,No,1836332
1380,5,5,1,5,1,24.8,2,No,1335106
2549,2,2,2,24,2,10.5,6,Yes,1983859
3444,3,3,1,11,1,11.1,7,No,2385034
1827,1,2,3,10,0,18.3,1,No,500000
2801,3,2,1,14,1,9.0,6,Semi,1792682
952,3,3,3,14,2,1.8,8,Semi,2182692
3608,4,4,1,15,0,22.3,5,Yes,1840936
1683,5,5,2,9,2,19.1,7,Semi,2376470
3562,1,1,1,11,0,17.8,10,Yes,1939707
2556,3,3,1,27,0,22.5,6,Semi,697385
3804,1,1,1,12,3,20.6,4,No,724881
3670,2,1,2,3,3,7.0,7,No,2564783
2182,4,5,1,6,3,11.2,10,Semi,2862544
3363,2,3,2,21,0,4.7,9,Semi,2262345
2755,1,1,3,1,1,4.8,10,Semi,2249911
1654,1,1,1,25,2,20.6,10,Semi,1171055
903,5,5,2,26,2,25.9,7,Semi,1557675
2699,3,3,2,26,2,28.9,5,No,1081157
2601,3,2,1,26,3,19.2,7,No,1178421
3691,2,2,3,14,0,6.3,3,Semi,1075163
2196,4,5,2,30,3,4.1,2,Semi,1348933
1127,3,3,1,7,1,24.6,5,Semi,1291599
1086,5,4,3,6,0,17.8,4,No,1766724
2148,2,3,2,30,2,18.9,5,Semi,877659
1943,2,2,2,14,3,23.7,8,Yes,1635650
1945,5,5,3,22,3,21.4,4,No,1427687
603,4,5,3,13,1,25.2,9,Semi,1963603
753,5,5,1,30,1,2.6,7,Yes,1897702
3798,4,5,1,7,3,22.7,10,No,2926757
3683,5,5,2,27,1,25.7,7,Semi,2418542
3057,5,4,3,11,2,9.3,8,No,3168679
1996,1,1,3,12,1,19.6,6,Semi,1222888
598,2,3,3,29,1,10.1,8,No,1190422
2700,5,5,2,10,3,28.8,3,Yes,2089959
2384,5,4,3,16,3,2.0,10,Semi,3364020
3461,3,3,3,30,0,17.8,10,Yes,2077371
2419,2,1,2,28,0,5.8,1,Semi,500000
1377,3,4,1,16,3,21.7,6,Semi,1118824
837,2,1,1,23,1,6.1,1,Semi,500000
3369,3,4,2,3,1,7.8,9,Yes,3143166
3734,5,5,3,20,0,15.3,2,Yes,1774805
1456,5,4,2,7,0,27.5,2,Semi,1189483
2204,1,1,1,4,0,7.1,7,Yes,1823355
660,3,3,1,25,2,5.2,2,Semi,801966
2103,4,3,2,15,2,23.0,10,Semi,2352403
3348,1,1,2,3,0,15.5,8,Semi,2023780
897,3,2,1,27,1,27.4,6,No,518279
1800,3,3,2,21,0,5.3,7,No,1532553
1315,1,1,1,28,2,19.7,7,No,500000
2027,5,5,2,14,1,7.8,6,Semi,2125513
2419,3,2,2,11,2,5.5,10,Semi,2563741
1915,5,5,2,4,1,20.8,9,Semi,2804367
1658,1,1,1,29,2,18.2,9,Yes,1254079
1718,5,5,2,22,1,22.9,7,Semi,1937416
900,2,3,1,15,1,10.0,9,Semi,1486798
1139,4,5,1,13,1,14.0,10,No,2497045
3604,3,3,2,9,1,12.8,3,No,1787481
3235,4,3,2,6,3,29.5,3,Yes,1818660
959,5,4,1,12,2,9.5,1,Semi,1519366
1454,3,3,1,19,2,9.5,5,Yes,1059993
969,5,5,3,27,3,11.3,4,No,1071042
3946,2,1,1,28,1,17.4,2,Semi,500000
1545,1,2,3,4,1,8.3,9,No,2077427
3297,3,3,3,28,2,27.5,3,No,981749
2193,2,2,3,2,3,8.7,8,No,2214483
2585,2,2,2,14,1,27.0,6,No,906638
2777,3,4,2,3,1,4.0,5,No,2340809
3936,5,4,1,14,1,20.0,1,No,1329863
1062,2,2,3,13,0,27.3,4,Yes,674806
2985,4,3,2,19,3,5.9,3,No,1598935
2299,2,3,2,18,1,29.1,1,No,500000
3854,5,5,2,12,0,14.1,5,No,2552124
2574,5,5,2,9,3,28.4,6,Semi,2362544
725,4,4,2,20,1,20.6,2,No,973306
3848,2,2,3,4,2,9.7,3,Yes,2131765
1297,5,5,3,26,0,6.5,6,Yes,2288661
2831,3,3,3,22,0,9.8,4,No,1109682
3426,1,1,3,19,1,3.7,9,Semi,1841518
1459,1,1,1,28,1,5.2,5,No,500000
2004,1,1,3,19,0,4.0,4,Semi,850110
952,2,1,2,24,2,13.3,2,Semi,500000
3567,4,3,3,5,2,24.1,6,No,2332912
1315,5,5,1,30,3,5.1,10,No,2744359
1158,3,4,2,3,1,4.8,2,Semi,1793270
1046,3,2,3,1,2,19.7,7,Semi,1928117
1715,2,2,3,21,3,6.7,3,No,965611
3620,1,2,3,15,2,3.8,9,Semi,2602490
516,2,1,2,17,1,5.8,5,Semi,1083618
3743,4,3,2,4,3,27.8,8,Yes,3057261
1743,4,3,1,21,3,24.8,6,No,1181857
2705,5,4,2,3,3,11.3,10,Yes,3521301
3024,5,4,2,29,2,20.0,8,Semi,1923852
1569,4,3,3,12,1,16.6,3,No,1255062
3944,4,5,2,18,3,20.6,3,Semi,1663529
3065,4,4,3,22,0,20.8,5,Semi,1634835
2646,2,1,3,1,1,19.2,10,Yes,2597510
2268,4,4,2,12,0,8.7,3,No,1841720
1560,3,4,1,10,0,2.1,8,Semi,1971453
2827,1,2,1,29,3,14.2,10,Semi,1318917
3920,4,3,2,21,3,26.8,8,Yes,2395604
3044,1,2,1,28,2,17.5,2,No,500000
801,2,1,3,3,2,25.1,4,Yes,1179744
680,1,1,3,21,2,29.8,10,Yes,1349894
1106,2,2,2,19,1,5.7,1,No,500000
3670,3,4,1,19,2,21.1,4,Yes,1456929
1199,2,3,1,14,0,20.6,4,Yes,718448
1492,2,2,3,3,2,29.4,10,No,1596237
1639,5,5,2,8,3,29.6,9,Semi,2668927
690,4,4,1,6,2,20.9,3,Semi,1297587
2800,4,4,2,18,1,8.1,2,No,1299578
1480,3,3,1,18,1,24.2,9,No,1286983
3475,3,2,3,5,0,4.1,9,No,2744806
2506,4,4,3,5,1,23.6,1,No,1242343
1684,5,5,2,19,2,27.4,6,Semi,1833002
3827,4,5,3,14,3,12.1,10,No,3309012
3894,5,4,1,14,1,19.3,8,Yes,2675396
627,3,3,3,24,0,13.5,3,Semi,590116
2565,1,2,2,19,2,13.7,9,No,1597588
2316,3,2,2,8,0,10.0,2,Semi,1241687
2258,3,3,2,3,1,23.1,6,Semi,2123369
3113,2,2,1,17,1,28.1,1,Yes,500000
1069,2,3,1,17,0,28.3,7,No,947125
1846,2,1,1,4,2,6.1,3,No,1329672
2395,2,1,1,19,1,26.4,7,Yes,818785
3233,5,5,1,22,3,22.4,4,Yes,1831452
1125,4,5,3,29,1,8.3,9,Semi,2091342
3859,1,1,1,10,2,3.0,5,Yes,1975940
3401,3,3,1,4,1,8.8,3,No,2119186
2186,5,5,3,21,0,27.5,8,Semi,1953834
3509,1,2,1,25,1,19.4,6,No,771566
654,5,5,2,3,1,21.9,2,No,1669204
3037,5,5,1,28,2,8.5,3,Yes,1793751
1909,3,4,1,11,0,21.9,8,No,2017057
1284,4,3,2,1,2,1.8,10,Semi,2928518
3675,2,2,2,12,1,11.9,7,Yes,2226044
3964,4,4,2,9,3,19.2,10,No,3158798
745,3,4,2,8,1,5.2,6,Yes,2361467
3747,3,3,1,9,2,24.9,1,Yes,1298129
3610,3,4,2,30,3,7.8,9,Semi,2455274
2000,1,1,2,6,2,19.9,3,No,697655
2205,4,4,3,3,2,12.8,5,No,2207650
3306,4,4,2,18,0,18.3,7,Semi,1867083
1037,5,4,2,9,3,4.1,7,No,2359708
2390,5,4,3,29,1,1.5,3,No,1478255
2341,5,5,3,30,2,27.4,4,Yes,1522448
1420,3,3,1,2,1,8.8,10,No,2498136
2955,4,4,3,24,0,24.8,7,Semi,1727534
1024,3,3,1,20,0,30.0,8,No,1146598
3375,1,1,3,28,3,7.1,2,Semi,566852
2029,5,4,3,30,0,8.7,9,Yes,2768973
3450,3,3,1,18,0,20.2,7,No,1661944
535,3,2,3,30,1,29.0,8,No,615853
1184,1,1,1,20,0,27.6,6,Semi,500000
519,2,3,3,1,0,15.6,6,Semi,1476957
2868,4,4,2,26,2,24.1,9,Semi,1989111
3059,2,2,3,19,0,4.9,4,No,844033
899,5,5,1,9,2,29.3,5,No,1840358
3201,3,4,3,1,0,29.0,9,Yes,2199190
1471,1,1,1,1,0,5.7,1,Yes,884795
2406,1,2,1,27,3,9.7,4,Semi,500000
3018,4,4,2,23,3,3.9,7,Yes,2434528
1666,2,1,2,16,2,8.9,9,Semi,1684393
1615,4,3,1,15,0,24.7,10,Semi,2264813
3925,3,2,3,15,1,12.0,6,No,1712915
1333,4,3,1,13,3,3.6,8,Semi,2569507
2323,1,1,1,6,1,10.9,9,Semi,2064512
3274,1,1,3,20,3,29.5,10,No,1040903
2482,5,5,3,30,3,19.3,4,Semi,1513497
1353,5,5,3,10,0,13.1,1,Yes,2003243
550,3,3,3,23,3,5.8,8,Semi,1622341
1074,2,3,1,0,1,29.6,2,Semi,959010
3761,4,3,1,10,3,24.8,1,Yes,1513764
1648,3,4,2,22,2,9.2,7,No,1695642
2697,5,5,1,20,0,3.0,10,Semi,2912968
2861,4,3,3,3,0,2.6,9,Yes,3356643
3117,5,4,2,6,2,4.5,9,Semi,3236545
3913,4,3,3,25,2,17.8,3,No,1297464
2852,2,2,1,14,2,27.9,6,No,1142568
2215,3,2,2,17,3,15.4,7,Yes,1950539
1181,4,4,3,11,0,25.4,10,Semi,2325441
1337,1,1,2,30,2,13.9,9,Yes,953796
1577,1,1,2,16,3,21.5,2,Semi,500000
3550,4,5,1,0,2,22.2,8,Semi,2976766
2991,4,4,3,10,1,6.0,7,Yes,2603854
3160,4,5,2,27,1,11.5,4,Semi,1520653
3540,1,2,2,0,0,19.5,2,Semi,988509
2811,1,1,3,14,3,3.1,8,Semi,1884972
3624,4,4,2,27,1,11.5,5,Yes,1794054
2095,5,5,2,20,1,16.5,6,Semi,2135025
3551,5,4,2,9,3,29.9,7,Semi,2413857
504,2,1,3,6,2,14.8,10,No,1961230
1626,3,2,3,1,3,24.7,1,Yes,1341189
1719,5,5,3,9,2,13.5,8,No,2646691
1273,1,1,3,23,1,24.1,4,Semi,500000
1376,5,5,1,3,1,18.3,9,Semi,2960853
1491,2,2,2,11,1,26.7,1,Semi,500000
3431,2,2,3,18,0,12.9,2,Semi,1033869
3921,3,3,2,25,0,18.5,6,No,1577329
546,5,4,2,10,0,19.3,10,Semi,2504069
3414,1,1,1,7,3,13.1,1,Yes,726296
3370,1,2,3,17,1,5.2,4,Yes,1550308
3483,4,3,3,10,1,3.7,8,No,2703180
3203,1,1,2,10,3,1.5,10,Yes,2984894
768,3,2,3,12,0,26.3,5,Semi,1032608
869,3,2,2,2,3,7.9,9,Yes,2581381
1135,1,2,2,11,0,7.1,6,Semi,1343772
1629,1,1,1,2,1,22.3,1,Semi,500000
2193,4,4,1,9,2,10.3,6,Yes,2113008
2182,1,1,1,26,0,15.7,6,Yes,785611
1156,4,4,2,16,1,5.7,6,Semi,1892583
619,4,4,3,21,1,28.8,8,No,1662131
1330,1,1,1,1,2,25.7,6,Semi,1089502
2310,2,2,3,16,1,26.0,5,Semi,1264873
1581,2,1,1,15,1,12.8,2,No,500000
2474,4,5,1,1,0,23.1,4,No,2018162
1869,1,1,2,27,0,5.2,10,Yes,1402892
1240,2,2,1,21,2,1.2,5,No,1121741
616,1,1,1,29,2,1.6,10,Semi,895158
2353,1,1,2,19,1,18.0,4,No,500000
3338,1,1,3,5,0,14.2,2,No,673624
1650,5,5,1,27,2,16.0,7,No,1546264
3964,1,1,2,24,2,1.2,10,No,1823175
2431,5,4,1,28,3,13.3,10,Yes,2703956
1512,4,3,2,9,2,21.8,2,Yes,1355635
2164,2,3,3,27,1,13.8,1,No,500000
1581,2,3,3,9,0,22.2,5,Semi,1223154
1133,2,2,2,7,2,7.8,1,Semi,1148470
1012,2,3,2,0,3,24.6,1,Yes,1107888
3349,2,3,2,12,0,18.1,1,Yes,1075111
1619,2,3,3,23,2,7.1,6,Semi,1356274
1641,2,1,1,8,3,7.9,9,Semi,2284774
1059,4,3,3,21,2,19.2,10,Yes,2456010
987,1,1,2,9,0,25.1,1,No,500000
3808,3,4,2,14,0,13.1,5,Semi,1812767
1396,5,4,3,4,0,8.5,9,Yes,2857904
3843,3,4,2,21,1,26.1,9,Semi,1877893
1712,3,2,3,15,2,20.4,1,Semi,500000
1203,1,1,2,12,1,14.0,8,Semi,1142624
1970,1,1,1,21,0,15.1,1,No,500000
1080,1,1,1,24,3,6.9,8,Semi,1102828
3337,2,3,2,19,2,19.2,1,Semi,1183848
3408,4,4,3,17,1,11.4,5,Semi,2066650
2794,2,1,1,10,2,29.9,8,Semi,1354576
3647,4,5,3,26,3,14.9,6,Yes,2545259
653,4,3,2,8,1,15.1,9,No,1803191
2179,3,3,3,15,0,17.4,1,Semi,585502
1496,3,3,1,1,1,27.6,9,Semi,2183771
3657,4,4,3,25,2,24.2,1,Semi,1023084
3244,4,4,3,24,2,14.1,10,No,2490371
3856,2,1,2,1,2,21.8,10,Semi,2365393
1743,2,2,2,11,2,18.0,3,Yes,1161899
1592,3,3,2,7,0,15.3,1,Semi,843616
3618,1,1,1,8,1,6.6,3,Yes,1389334
1508,4,4,1,11,0,14.5,2,Yes,1155413
2641,2,3,2,25,0,8.1,2,No,565049
2273,3,3,2,8,0,27.5,9,No,2236116
1457,2,2,1,9,2,10.7,8,Yes,1903272
3559,4,4,1,24,2,28.6,1,Yes,911904
952,4,5,1,1,2,16.5,4,No,1857406
1727,5,5,1,15,1,19.3,1,No,1154776
3459,1,1,2,19,3,16.7,1,No,500000
2765,5,5,1,6,2,4.8,4,Yes,2814003
3021,3,4,2,27,1,11.9,2,No,931557
2979,2,2,3,1,2,3.9,3,Semi,1951170
2888,3,2,3,0,2,19.1,9,Yes,2870392
1050,4,4,1,18,0,14.0,2,No,760488
2135,5,5,3,27,0,23.6,4,Semi,993075
1812,5,5,3,3,0,7.4,1,No,2429671
3825,5,5,3,23,1,5.8,2,Yes,2269571
2257,3,4,1,21,3,12.8,5,No,1274983
856,4,3,1,26,3,27.9,10,Semi,1597991
2570,2,1,3,1,1,21.6,1,Semi,725295
2285,2,3,2,30,2,13.1,7,No,1054844
3069,3,3,3,24,1,16.0,4,No,895662
2281,5,5,1,13,2,3.4,6,Semi,2611367
3671,1,1,1,1,1,29.6,8,No,1271136
3349,3,2,1,28,1,20.3,6,Yes,1285236
3751,3,3,3,14,1,9.3,2,Yes,1875480
3794,4,4,2,11,3,18.0,1,Semi,1569063
3309,2,2,1,4,0,4.2,8,Semi,2369581
2989,3,2,1,27,1,29.0,8,Semi,959626
2131,3,2,3,19,3,6.1,9,Yes,2548192
3316,5,5,2,28,0,19.8,6,Semi,1677929
1515,5,5,3,6,0,8.1,1,No,1922215
1848,1,1,1,23,1,21.8,9,No,500000
1015,4,4,2,20,2,23.5,3,Semi,804304
3587,1,1,2,9,2,20.5,6,Semi,1258573
3339,5,5,1,13,2,18.8,10,Semi,3062624
835,2,2,2,13,1,26.9,10,No,1482716
2282,5,5,2,4,2,3.3,9,Semi,3528775
2805,4,4,3,17,3,10.6,3,No,1713284
996,5,5,1,23,3,8.2,5,No,1246164
1395,4,3,1,13,3,29.7,5,Semi,1320566
2707,4,3,1,1,3,12.3,10,No,3196609
1351,4,4,1,25,0,22.2,7,Semi,1735672
2187,4,5,1,11,3,20.9,4,Semi,1759769
2431,4,4,2,21,2,7.2,4,Semi,1642823
3237,2,3,3,23,1,7.9,7,Semi,1857806
2927,1,1,1,5,2,9.2,9,No,1975751
2068,3,3,3,3,3,12.9,4,No,2184307
1456,1,1,3,12,0,7.8,4,Yes,921606
3238,4,4,2,3,3,1.6,6,Semi,3013047
3998,2,1,1,21,1,26.5,6,Semi,1129858
2136,5,5,2,13,2,29.0,7,No,2149986
1791,2,2,1,30,1,10.9,1,Semi,500000
1940,4,5,2,15,1,10.8,3,Semi,1605618
1691,2,2,3,28,1,1.2,9,Semi,1921771
1566,2,3,1,3,2,20.7,6,Semi,1329889
784,4,4,3,23,3,24.9,6,No,1031335
2944,2,1,3,24,1,5.3,5,No,1367647
511,3,2,2,0,2,5.6,3,Yes,1773303
2130,3,3,1,12,0,23.9,5,Yes,1521647
3873,2,3,3,3,2,18.9,1,No,1437545
3824,5,5,2,19,0,2.3,3,Semi,2194553
3046,4,4,1,17,2,19.1,4,No,1286736
1253,3,2,1,5,3,10.0,5,No,1655709
2582,5,5,3,2,1,11.7,10,No,3697349
3274,2,1,1,22,3,23.3,9,No,1407021
3396,5,5,3,12,2,24.5,4,Semi,2331554
589,1,1,1,26,1,12.6,3,Semi,500000
1275,3,2,2,15,0,28.5,10,No,1269713
3152,2,1,3,26,2,12.8,1,No,551643
3517,4,4,3,4,1,23.4,10,Yes,3151589
2125,2,1,1,3,0,15.0,6,No,1325763
3569,4,4,1,20,0,27.0,7,Semi,2085005
917,2,2,3,7,3,27.3,10,No,1955075
614,5,4,1,18,2,3.5,8,Semi,2208090
1116,5,5,2,13,0,28.2,1,No,882497
3767,5,5,1,6,1,24.9,4,No,2122152
1325,1,1,2,30,0,23.9,5,No,500000
2149,4,4,2,13,0,6.8,2,No,1448923
2016,5,5,2,5,3,24.3,1,Semi,2147820
3646,1,1,2,11,3,25.7,8,Semi,1415368
912,4,4,2,15,1,9.4,6,No,1758337
3947,2,2,1,16,3,28.6,5,No,978146
3991,1,1,2,12,0,2.4,9,Semi,2079311
1228,3,4,1,22,0,5.3,2,Semi,743378
3848,1,1,2,13,3,16.6,10,Yes,2164605
3568,1,1,3,28,0,17.7,8,Semi,1401171
3308,4,4,2,6,0,19.7,10,Semi,3129001
1175,2,1,3,13,1,1.5,9,Semi,2071476
3965,3,2,2,14,3,28.9,1,Yes,1015817
2392,5,5,2,11,0,2.3,7,Yes,2845078
3004,5,5,2,16,3,5.1,8,No,3106746
3467,1,1,3,8,1,1.4,3,No,1463087
2739,4,5,3,21,3,17.4,4,No,1726951
3286,4,5,2,14,0,28.0,3,Semi,1548895
1622,5,5,1,11,3,20.3,7,Semi,2539853
2071,3,4,2,1,0,24.9,9,Semi,2337553
1477,2,2,3,4,0,1.4,3,No,1269141
1508,3,3,2,12,0,16.7,6,Semi,1276139
2643,2,3,3,26,1,14.3,8,Yes,1773354
2187,5,5,3,19,3,15.5,6,No,2641264
3210,2,2,3,22,1,3.1,2,Semi,880381
3761,4,3,2,7,3,20.8,7,Semi,2759884
536,1,1,3,26,1,15.6,2,Yes,500000
3940,1,1,3,13,2,23.2,2,Yes,868874
2048,5,5,2,14,0,15.1,2,Semi,1745826
2826,4,4,3,10,0,5.3,1,Semi,1700234
2764,3,4,2,0,1,19.8,1,Yes,1727207
3414,4,5,3,20,2,6.0,7,Semi,2705757
1372,1,1,1,30,0,26.3,5,No,500000
2321,1,1,1,2,3,18.8,3,Yes,1368898
1796,4,3,3,16,1,5.6,1,No,1192195
2609,4,4,1,27,0,28.9,10,Semi,1442188
1095,1,2,2,18,0,16.0,6,Yes,756453
2403,3,4,1,13,1,3.1,1,Semi,779042
1228,5,4,3,21,1,19.2,9,Semi,2195399
1865,5,5,3,29,3,8.3,2,No,1657932
896,4,4,2,22,3,24.3,1,Semi,500000
1198,5,5,3,7,0,24.7,7,No,2278537
3590,1,2,2,12,0,29.4,6,No,1068702
2724,1,2,1,26,1,15.6,6,Semi,644982
2135,4,3,1,19,0,14.2,5,No,1560876
895,4,4,2,2,0,22.9,4,Semi,1549521
2992,4,5,2,4,1,4.8,4,Semi,2920408
3804,3,2,3,8,0,16.9,3,Yes,1437798
575,5,5,1,28,0,16.8,10,Semi,1845056
764,4,3,2,5,2,3.6,8,No,2465475
3002,2,1,1,30,3,13.1,7,No,1015550
2319,2,2,2,24,1,25.7,9,Semi,1373860
1217,1,2,1,30,2,25.8,1,Semi,500000
3282,5,5,3,21,3,3.9,7,Semi,3000172
3955,4,3,1,1,3,3.6,10,Semi,3601263
1350,2,2,1,12,3,8.6,4,No,940684
1890,5,5,1,4,2,26.4,7,Semi,2099981
643,1,1,1,27,2,4.7,1,Semi,500000
1384,3,4,1,26,3,21.9,5,No,793199
3640,5,5,3,24,0,3.9,3,No,2406449
3670,5,5,2,7,0,19.1,5,No,2524378
895,3,3,1,22,2,11.3,4,No,920081
3596,5,5,3,0,2,23.9,2,Semi,2450723
3495,1,1,1,19,2,7.8,4,No,991816
3438,1,1,1,11,3,19.5,3,No,701318
1992,3,3,2,22,0,7.8,1,No,500000
3722,4,3,1,10,2,21.7,10,Yes,2758337
1667,2,1,3,6,2,26.3,8,Yes,1789256
3116,4,4,3,14,1,4.7,5,No,2136773
1562,5,5,2,21,3,26.1,4,No,1182165
2656,2,1,1,23,1,18.2,10,No,1233402
1565,3,4,3,10,0,4.7,5,Semi,2140632
1709,3,3,1,28,1,13.4,4,No,797295
3482,2,3,1,21,1,5.7,3,Semi,1220114
2945,1,2,1,25,1,21.3,5,Semi,668278
3794,2,3,2,15,3,23.0,4,Yes,1369172
1133,5,5,1,2,0,4.1,1,No,1628264
1656,1,1,3,19,1,15.7,3,Yes,646563
3734,3,2,1,13,3,24.6,10,Yes,2281308
1738,2,2,3,2,0,28.1,10,No,1929852
1232,4,5,1,0,2,15.9,8,Semi,2467006
734,4,3,3,30,1,28.6,7,No,550190
3205,5,4,3,25,0,16.5,2,No,1371894
1250,4,4,1,20,1,12.4,1,No,919868
3135,2,1,1,14,2,25.6,3,Semi,600752
3580,2,2,3,0,0,15.3,5,Semi,1708217
3645,4,5,2,16,3,14.7,10,Yes,2821093
1453,2,3,1,1,0,15.2,1,No,1138100
3039,5,5,2,28,3,25.6,3,Yes,1567070
3460,1,1,1,19,0,25.1,3,No,500000
3824,5,5,1,5,3,12.7,5,Yes,2960316
3801,5,4,1,7,2,10.7,3,No,1907280
2042,2,3,1,28,2,15.3,9,No,1436642
1697,1,1,2,15,2,17.6,1,Yes,740479
2176,2,2,1,18,0,7.9,4,No,713284
1691,3,3,3,0,2,24.0,10,Semi,3063402
2717,2,2,3,2,1,15.1,10,Semi,2570607
1916,2,2,2,27,2,10.7,4,Semi,1072396
3493,2,3,1,2,3,4.1,1,Semi,1811540
3342,1,1,3,4,3,7.9,2,Semi,1529164
3181,2,2,2,26,3,28.5,1,No,500000
1717,1,1,1,11,0,9.8,6,Semi,1209947
2040,4,4,3,11,1,5.9,3,Yes,2152173
2576,3,3,3,19,2,14.4,7,No,1469239
3736,1,1,2,12,1,9.9,5,No,1043682
1945,4,3,1,19,1,2.0,9,Semi,2417640
2886,1,1,1,8,3,10.4,7,Semi,2023681
2019,1,1,3,6,3,16.8,4,Semi,1266541
1888,3,3,3,3,3,17.0,5,No,1863405
2356,5,5,3,18,0,11.3,5,Semi,1800529
1865,5,4,1,21,1,14.0,5,No,1409655
999,1,1,2,18,1,29.0,10,Semi,1008397
2180,2,1,2,5,0,11.9,9,Yes,2025738
1010,4,3,1,26,0,8.5,10,No,1555700
3898,2,2,2,12,0,8.1,3,Semi,1399939
716,2,3,3,10,1,14.3,6,Yes,1902094
1824,1,1,2,12,1,23.0,8,Semi,1316569
1655,1,1,2,12,3,7.0,9,Yes,2074357
2327,1,1,2,27,3,21.6,7,Semi,837788
3641,1,1,3,24,1,1.6,3,Yes,1224592
3823,5,5,1,21,3,13.1,1,No,1585816
3986,1,1,3,27,0,23.5,4,No,500000
2310,5,5,1,19,2,10.8,6,No,2263675
2992,5,4,1,14,3,17.3,3,Semi,1835489
3423,1,1,1,20,1,6.9,1,Yes,500000
1705,3,2,2,12,3,22.5,6,No,1684194
2714,4,3,2,21,3,2.5,1,Semi,1104433
590,2,2,1,10,3,25.7,9,Semi,1766998
1213,5,5,1,18,2,6.7,1,Semi,1512002
2381,4,4,2,7,0,26.4,6,Semi,1729133
538,3,4,3,19,1,11.2,1,Semi,776206
3697,2,1,1,7,2,22.0,7,No,1573265
672,2,1,3,9,1,10.3,3,No,973851
1152,5,5,2,25,1,27.3,6,Yes,1701688
1253,1,2,1,15,1,4.7,7,No,1306085
1743,3,3,3,18,2,6.2,1,No,1143089
1581,5,5,3,25,0,15.3,1,Yes,1176410
2183,3,2,3,22,1,3.4,5,No,1735042
3023,1,1,2,10,0,6.7,6,Semi,1726889
955,1,1,2,12,0,28.4,9,No,786039
1328,5,4,3,27,3,29.3,1,Semi,847495
1394,1,1,3,8,2,11.9,4,No,1133665
1884,4,4,2,19,2,27.8,10,No,1972363
2458,2,1,3,23,3,16.8,8,Semi,1446554
3572,5,5,3,18,3,8.8,10,Semi,3621571
2934,3,2,2,15,0,21.4,9,Semi,1875475
2496,4,4,3,6,1,20.1,3,Yes,2033611
2895,5,5,3,18,2,29.7,2,No,1630799
689,1,1,3,11,1,8.7,4,Semi,1327521
1004,1,1,2,14,1,20.5,2,Semi,500000
1714,1,1,3,30,3,2.5,1,Yes,500000
2031,1,1,2,22,1,4.3,3,No,511401
3940,3,4,2,13,0,1.1,7,Semi,2594113
3980,4,3,1,10,3,30.0,1,Yes,1494144
1323,2,2,1,25,1,24.3,2,No,500000
1428,3,3,3,9,3,23.8,1,Yes,929126
1433,3,2,2,26,0,15.8,8,No,1428629
1640,2,1,1,10,0,9.7,5,Semi,1232875
633,2,2,3,5,1,5.4,8,Yes,2128604
2605,1,1,1,1,3,9.3,3,Semi,1460080
1184,3,4,1,10,1,11.9,7,Semi,2235551
3219,5,4,2,18,1,22.9,8,No,2075076
2720,2,3,2,5,3,16.7,6,Yes,2225105
2352,2,2,1,13,1,3.2,7,Semi,1558184
1314,4,4,1,19,0,1.5,2,No,1102719
1672,5,5,2,5,3,4.0,8,Semi,3356947
579,5,5,3,16,3,12.9,5,Semi,1881070
3433,2,1,2,9,3,28.1,7,No,1516744
3784,1,2,1,27,3,19.5,1,No,500000
702,4,4,3,0,1,24.3,5,No,1924916
3311,5,5,1,2,1,14.5,1,Semi,1875106
1752,2,1,3,7,0,11.5,8,Semi,1900139
2199,5,5,1,7,2,4.1,4,Semi,2598889
1750,4,3,3,26,2,26.4,4,Yes,1124437
2182,4,4,3,19,0,23.7,2,Yes,1351341
2055,3,3,1,21,2,5.9,5,Semi,1381299
3973,2,2,3,14,0,15.9,1,No,921887
2594,4,5,2,23,1,15.1,9,Semi,2104684
1756,3,3,1,6,3,19.1,5,Semi,1420467
3876,3,2,2,10,3,28.4,6,Semi,1978274
2049,5,4,1,6,1,17.8,2,Semi,1667521
1666,5,5,3,28,3,16.7,10,Semi,2428965
3986,3,4,3,3,3,2.5,10,Yes,3638252
1896,5,5,3,24,2,2.8,1,No,1660158
3830,4,5,1,11,1,6.4,4,Semi,2062957
3203,1,1,2,25,2,1.9,7,No,1522758
970,4,3,2,5,2,22.6,6,Yes,2085780
3518,3,4,1,13,3,22.0,10,No,2215838
1535,3,3,1,11,3,4.9,1,No,1171473
1853,4,4,2,10,1,25.2,1,No,1441210
3283,5,4,2,18,3,5.5,8,Semi,3137535
3331,5,5,2,20,3,9.7,4,No,2028035
1467,3,2,2,4,1,8.2,5,Semi,1938067
857,2,3,1,13,3,11.8,7,Semi,1349396
3519,5,5,1,20,2,8.4,8,No,2426583
3979,4,3,3,23,1,15.2,10,No,2449105
1167,5,4,2,15,3,12.8,7,Yes,2564357
872,4,3,3,24,0,29.6,2,Semi,500000
1531,3,4,1,12,1,2.6,4,Semi,1829113
1645,5,5,1,24,1,5.1,10,Semi,2687655
1871,4,4,3,28,0,2.5,1,No,623762
3223,3,3,2,21,3,19.1,10,No,2176672
589,2,3,2,21,3,2.6,9,No,1970383
3245,4,4,2,24,1,25.3,3,Yes,1351392
3887,2,1,2,19,1,15.8,3,Yes,1112439
3749,2,2,3,21,3,16.3,10,Semi,2301581
1039,1,1,3,3,3,17.3,9,No,1865774
3279,5,5,1,10,2,6.0,10,No,2986538
1368,4,3,2,16,1,6.7,3,No,1516620
540,2,2,2,6,1,10.2,8,Semi,1772304
1239,1,2,2,13,0,18.2,2,No,500000
2446,3,3,3,25,2,7.1,3,Yes,1002764
3049,4,3,2,10,3,4.4,2,Semi,2287799
3506,2,2,3,27,2,29.1,1,Yes,500000
3716,5,5,2,21,3,1.6,2,Yes,2821321
1724,1,1,2,8,3,24.3,8,Yes,1974283
1428,2,3,1,22,2,23.9,9,Semi,1071055
2536,5,4,2,12,1,9.6,2,Semi,1983547
3008,2,1,2,22,3,4.9,7,Semi,1515842
3279,4,5,1,17,2,5.2,5,Semi,2170127
3299,4,5,3,27,0,21.2,3,Semi,1147790
1424,4,3,3,10,2,19.6,9,Yes,2606948
3456,1,1,2,14,0,23.7,6,Semi,1078015
2081,4,4,3,24,3,28.2,1,Yes,723294
3824,5,5,2,25,2,21.1,5,Yes,2205011
889,2,2,1,24,2,5.5,7,No,1045780
2117,3,2,1,21,0,8.1,4,No,585860
3430,5,5,2,28,2,25.4,8,Semi,2064274
755,5,5,1,18,2,7.1,10,Semi,2977277
1208,4,4,1,0,3,3.1,5,Yes,2597889
2338,1,2,2,3,2,21.4,9,Semi,1660443
2444,2,3,2,13,1,12.7,9,Semi,2244024
2997,1,2,1,13,0,27.7,9,Semi,1185008
509,2,3,3,2,2,19.9,1,No,862717
3371,2,3,3,29,0,3.6,2,Semi,860822
1297,1,1,2,27,0,28.5,3,Yes,500000
3813,5,5,2,16,0,8.5,4,No,2163009
3822,2,2,3,2,2,10.8,10,Semi,2771934
1376,1,1,1,15,2,12.7,9,Semi,1320787
1528,2,3,3,13,0,2.5,10,No,2026360
3690,3,3,3,29,1,15.4,6,No,1376532
1515,5,5,3,19,0,4.6,1,Yes,1981262
2324,4,3,3,28,1,12.6,9,Semi,2228044
873,2,2,2,12,0,11.2,6,No,1504554
3636,3,4,2,14,3,23.4,4,No,1705745
2693,4,4,1,13,0,24.3,4,Semi,1437998
723,4,4,1,23,0,5.4,3,Semi,850447
1762,2,2,1,24,2,11.6,7,Semi,1235700
2724,1,1,1,18,1,11.8,3,No,500000
2302,2,3,3,5,3,5.4,2,Yes,2024513
1352,3,2,2,9,1,24.2,10,Semi,1761354
3853,4,4,2,26,3,21.5,8,No,2075523
562,2,2,1,14,0,6.5,4,Semi,555431
1740,1,1,1,20,2,11.6,8,Semi,1233970
3374,2,2,3,21,2,4.1,1,Yes,1321455
3342,5,4,3,19,1,19.2,5,Yes,1894688
1188,1,1,1,25,2,4.5,9,No,885185
1984,3,3,2,5,1,29.6,1,Yes,768844
2133,4,4,2,22,1,23.6,4,Yes,1301968
2652,2,3,2,24,3,12.3,6,Yes,1368313
3670,1,1,1,9,1,17.8,10,No,2118728
1010,5,5,2,6,3,27.4,8,Semi,2585308
884,1,1,3,21,2,17.1,3,No,500000
904,5,5,3,16,1,6.1,5,Yes,2014191
3370,3,4,1,17,1,12.0,7,No,2184372
1017,4,4,3,16,0,25.5,1,Semi,822490
975,3,2,1,8,1,19.7,7,No,1280178
2500,2,2,2,9,1,19.9,8,No,1419982
3256,1,2,2,9,0,26.1,8,Semi,1504877
2168,5,5,2,24,0,26.9,9,Yes,2073782
2393,5,4,3,6,2,27.7,6,Semi,2261753
3318,1,2,1,15,1,3.8,6,Yes,1590262
1960,1,2,2,28,2,16.8,2,No,500000
3594,2,1,1,17,2,22.5,3,Semi,500000
3544,3,2,2,5,0,23.0,4,Semi,1805307
3224,5,4,3,26,3,18.6,4,No,1874981
1213,2,1,3,19,2,5.8,8,Semi,1656263
582,3,2,1,0,3,24.1,1,Semi,836325
1668,2,3,3,0,1,21.9,10,Semi,2617689
3656,5,5,3,11,0,3.5,4,Semi,2647973
3649,1,1,1,20,1,14.5,4,Semi,714203
3004,1,1,2,27,1,6.0,1,No,500000
2401,3,3,3,1,0,10.8,3,No,2123991
2548,4,4,1,3,1,1.5,5,Semi,2361359
550,3,3,3,16,0,12.6,6,No,1370464
1184,4,3,3,3,3,16.9,9,No,2430069
1216,2,1,3,10,1,19.0,9,Semi,1764175
1969,2,2,3,21,0,20.2,9,Semi,1294347
948,5,5,1,25,2,25.3,1,No,781219
1380,4,3,1,3,1,7.2,9,Semi,2645379
987,5,5,1,0,3,4.5,8,Semi,3203526
2323,1,1,3,6,0,25.7,2,No,729241
2581,4,5,3,29,1,5.5,1,Yes,1250139
3919,3,3,3,17,1,29.3,1,Semi,1001192
2642,1,2,1,8,1,25.4,6,Semi,1036538
3643,1,1,3,28,3,15.5,9,Semi,1763574
2074,3,2,2,2,0,29.5,7,No,1897436
2701,1,1,3,7,2,3.8,5,Semi,1678857
749,4,4,2,28,2,9.8,2,Semi,500000
1173,5,5,3,23,2,19.5,1,Yes,1124775
937,1,1,1,18,0,11.2,2,Yes,636535
2665,4,4,3,3,2,27.9,1,Semi,1450619
1270,2,2,2,17,3,2.9,3,No,1349884
3877,4,5,2,19,0,16.9,6,No,1901229
767,5,5,3,26,1,18.1,8,No,1711980
2484,4,3,2,10,3,19.9,3,Semi,1789874
1577,3,4,2,26,1,8.4,10,No,2062541
735,5,5,1,13,2,11.6,9,Semi,2740691
888,2,2,3,24,3,25.5,10,No,1293224
3537,3,2,3,17,0,6.7,5,Yes,2110345
1262,4,5,3,27,3,25.0,7,No,1710230
2348,5,5,2,27,1,17.3,8,Yes,2461965
2948,2,3,3,28,0,23.1,3,Yes,550899
1123,3,3,3,15,3,21.7,2,Semi,1130693
3314,2,1,1,2,3,7.0,2,Semi,1467679
3874,4,4,1,14,3,17.5,5,Semi,2121542
3466,2,2,1,26,3,26.2,1,Semi,500000
3778,1,1,2,26,0,13.5,2,No,500000
1752,3,3,3,30,1,29.0,9,No,827967
3400,2,2,1,3,3,14.1,7,Semi,2454770
1077,4,5,1,4,0,5.1,6,Semi,2209955
2622,4,4,1,16,1,12.3,9,Semi,2375907
934,2,1,3,6,3,28.6,7,No,1151591
2650,4,5,3,15,1,10.3,5,Semi,2168302
3993,5,5,3,13,1,26.2,9,No,2717677
1263,5,5,2,25,0,26.6,6,No,1497575
3285,5,5,2,15,1,11.2,6,No,2340009
3353,1,1,1,6,0,3.4,4,No,1607160
1829,2,1,3,8,3,22.0,1,No,844289
2645,1,2,1,3,1,10.0,5,Yes,1625700
3345,4,3,3,29,1,23.7,9,No,1832166
1858,1,1,3,29,2,13.8,8,Semi,1097922
3406,4,3,3,21,3,15.1,8,No,2442069
2982,4,4,2,10,3,23.6,5,Yes,2386044
946,3,2,2,1,2,12.1,9,Semi,2436374
2517,5,4,3,11,2,13.9,3,No,1808764
1831,4,5,1,11,0,11.9,3,Semi,1722440
748,3,4,3,29,0,11.7,1,Semi,500000
665,5,4,3,3,1,16.3,9,Semi,2285143
3531,4,5,1,17,1,24.5,6,No,1888330
1858,4,5,3,25,1,11.5,2,Yes,1259800
1519,1,1,1,20,1,16.2,8,Semi,855910
1041,1,1,2,30,0,20.5,9,No,500000
1258,5,4,2,6,3,8.8,9,Semi,2766784
3677,4,5,1,28,1,9.0,2,Semi,1371887
2628,2,2,2,0,3,28.1,2,Yes,1283533
2680,1,1,2,30,1,22.0,7,Semi,500000
1296,5,5,1,25,2,17.7,4,Semi,1374104
3447,4,5,2,25,1,19.8,1,No,676225
637,4,4,3,22,1,1.8,8,Yes,2313273
2731,2,1,3,25,1,18.9,2,Semi,500000
3972,5,5,1,12,0,15.8,3,No,1994905
1853,4,4,2,5,2,16.8,5,No,2170539
3332,1,1,3,5,1,11.4,3,No,1449523
2375,2,3,3,11,1,3.4,7,Yes,2312857
3531,5,5,2,7,3,6.6,7,No,3392761
568,2,2,2,23,2,28.6,2,Semi,500000
3093,1,1,3,21,1,12.9,7,No,1073337
2600,5,5,3,18,3,14.5,6,Semi,2414805
1973,2,2,1,4,3,2.5,10,Semi,2730696
704,3,3,1,17,0,2.1,9,Yes,2264552
2673,1,2,3,30,3,21.8,9,Semi,1266403
542,1,1,1,29,1,16.6,2,Yes,500000
2406,1,1,3,4,0,15.8,7,Semi,1878047
2658,3,4,3,29,0,8.1,5,No,1042673
1260,3,2,1,24,1,22.6,6,No,551703
3754,4,3,1,9,2,5.9,1,Semi,1953921
3395,2,3,2,0,3,6.5,7,Yes,3206562
2642,4,4,2,9,0,14.4,6,Yes,2417083
2494,2,1,2,4,2,9.3,4,No,1541400
3945,3,2,3,11,1,8.2,1,No,1347744
2435,3,3,1,21,3,19.7,9,No,1889453
1399,4,4,3,29,3,19.9,4,Yes,1322606
859,5,5,1,26,0,24.9,2,Yes,626304
3447,4,5,3,6,3,13.1,8,Yes,3307341
2219,2,2,2,8,3,3.1,2,Semi,1305780
780,4,5,2,21,3,8.9,5,Semi,1775351
3766,1,1,2,20,3,29.4,6,Semi,992011
2387,2,2,3,11,1,18.3,8,No,2031349
3766,2,2,1,22,2,21.6,1,Semi,500000
1166,5,5,1,28,1,1.2,1,No,987340
592,3,4,2,0,1,16.0,4,No,1813213
1171,2,3,2,10,0,2.1,5,Yes,2033196
2469,3,3,2,29,3,17.5,9,Yes,1997368
560,4,5,2,20,1,27.7,7,Semi,1392659
3181,1,1,1,14,3,29.1,7,Semi,1049937
3622,5,5,3,1,1,16.7,8,Semi,3017708
3974,3,3,3,19,1,14.3,5,Semi,1625822
1528,2,1,3,6,0,28.4,5,Yes,1123321
1989,3,4,3,20,2,20.5,1,Yes,962943
1103,2,2,2,11,2,2.9,9,Semi,2243253
1181,3,3,2,21,1,14.5,6,No,1139943
3081,2,3,2,17,0,8.0,9,No,1878890
1928,4,4,3,2,3,14.6,3,Semi,2233482
3385,2,2,2,6,3,14.2,5,No,2265248
3192,2,2,2,10,1,17.9,2,Yes,1129937
2780,1,2,1,17,2,11.3,10,No,1817900
1023,2,2,1,11,0,5.8,5,No,1246587
2893,1,1,2,5,2,15.6,8,Semi,1792849
3617,5,5,1,4,3,25.1,2,Yes,2492656
3093,1,1,1,25,2,20.3,8,No,640013
2468,4,4,2,0,3,10.8,4,Semi,2420849
1601,1,1,2,11,0,28.1,10,Semi,1224660
2253,5,5,2,26,0,27.5,10,No,2015248
2336,4,3,2,30,1,7.1,1,Semi,500000
3644,3,3,3,25,1,2.1,5,Semi,2071913
3341,3,2,3,10,2,22.5,1,Semi,1223439
2796,1,1,2,3,0,25.0,7,Yes,1755390
2594,1,1,1,26,0,29.1,8,No,709766
1644,5,4,2,17,1,26.8,3,No,987619
2761,5,4,2,3,3,18.4,3,Yes,1982996
2786,2,2,1,16,2,16.4,7,Semi,1737826
1579,5,4,3,1,2,1.8,4,Semi,2662671
2897,2,1,2,28,1,8.2,3,Yes,572490
606,4,3,2,23,0,14.3,8,No,1510314
3378,1,1,3,21,1,19.2,3,Semi,1036480
547,4,3,3,1,1,17.2,7,No,2093857
836,5,5,1,11,1,22.5,2,No,1344181
1549,4,3,3,30,1,9.1,1,No,500000
3351,4,3,3,5,3,17.4,6,Yes,2429564
1780,4,4,3,9,3,3.6,8,No,2989909
2555,5,5,1,24,0,13.0,1,Semi,1233193
1124,4,3,3,22,1,22.8,10,Yes,1958493
2390,2,2,3,24,3,21.1,9,Semi,1929819
1776,5,5,1,20,0,29.7,3,Semi,699572
2215,4,5,3,22,1,9.1,3,Semi,1399795
3266,5,5,3,26,2,15.4,4,No,1725164
802,3,3,1,15,3,10.6,1,Semi,770209
1138,2,2,2,30,0,13.8,9,Semi,1303604
555,4,5,1,13,2,25.9,3,Yes,1276256
1225,3,4,3,6,1,20.8,10,Yes,2575768
1025,3,3,3,27,1,26.6,4,Yes,500000
973,5,5,3,27,1,6.9,1,Yes,1503234
527,3,4,1,18,3,26.3,4,Semi,652765
2625,2,3,3,22,0,2.7,1,Semi,645570
3787,2,2,3,16,2,26.8,5,Yes,1409614
3957,1,1,1,8,0,10.5,5,Semi,1439135
864,2,2,2,25,3,10.1,7,Yes,1218394
3213,3,4,2,12,0,15.9,8,Semi,2388103
1025,2,2,3,21,3,28.3,4,Semi,501064
3246,5,5,1,4,1,2.4,7,Semi,3393778
1835,1,1,3,22,2,11.2,4,Yes,951220
1382,3,4,1,4,1,25.8,3,No,1426226
1530,1,1,1,9,0,12.5,6,Semi,958299
1526,3,3,2,20,1,6.8,4,Semi,1416595
2146,5,5,2,26,2,13.3,3,No,1112154
1418,1,1,1,9,1,12.2,9,Yes,2225739
3297,4,5,3,26,2,27.5,5,Semi,1738870
2910,3,2,2,6,2,23.1,7,Semi,1952965
2274,4,4,3,25,1,15.6,6,No,1547677
2031,1,1,2,14,3,29.7,10,Semi,1408616
3845,4,5,2,6,0,14.5,5,Semi,2800807
3353,4,4,3,28,3,2.7,7,Semi,2577779
3286,1,2,2,26,3,8.6,6,No,1126683
2406,5,5,2,14,1,13.6,10,Yes,2890093
3586,4,4,3,2,0,5.6,2,Semi,2520779
1715,4,4,2,18,0,28.5,3,Semi,1047139
2154,5,5,2,9,3,23.2,2,Semi,1939867
984,4,4,2,27,1,8.8,3,Semi,1007046
2575,4,5,3,28,0,18.1,1,Semi,817069
1213,4,4,1,14,3,21.9,8,Semi,2314180
1562,2,2,3,2,0,28.3,6,Semi,1693748
2476,5,5,1,5,1,26.6,2,Semi,1790902
1796,4,3,2,11,1,15.9,8,Semi,2355351
1754,5,5,1,14,1,23.5,6,No,1850718
2633,3,2,3,5,0,17.3,7,Semi,1819843
625,3,3,3,12,2,17.0,1,No,571146
3359,4,3,2,28,0,4.3,7,No,2033433
1036,5,5,1,18,2,4.7,3,Yes,2118247
2692,5,4,2,2,1,16.4,8,Semi,3134303
3783,5,5,2,7,3,8.8,6,Semi,3198229
2572,2,1,3,7,2,1.6,4,Semi,1984394
2103,3,3,1,22,1,22.0,8,Yes,1568075
3965,5,5,1,25,1,1.9,9,Semi,3023050
566,5,5,1,19,2,18.3,10,Yes,2442537
732,2,2,1,14,3,16.6,2,Semi,500000
2656,2,2,2,3,1,29.1,6,Yes,1811203
1669,5,4,2,18,2,15.0,5,Yes,2244942
2658,1,1,3,20,3,2.8,5,Yes,1963753
2775,5,5,2,2,3,17.0,10,No,3472025
610,5,5,2,12,1,25.4,3,No,1076194
1993,2,3,3,7,0,29.9,8,No,1497121
2581,2,1,3,22,0,13.5,8,No,1282620
1122,5,5,3,15,1,10.3,5,Yes,2296190
3940,5,4,2,12,3,27.3,8,No,2691458
3295,5,5,2,2,1,6.5,10,No,3685934
3142,2,1,3,15,2,18.8,8,No,1820435
2972,5,5,3,8,0,12.8,3,No,2190496
3160,5,4,3,27,2,2.2,2,No,1278247
2041,4,5,2,13,1,11.1,9,Yes,2855764
3239,1,1,2,12,1,8.7,2,Semi,921132
1805,3,2,1,20,3,20.9,9,No,1661448
3891,1,1,2,24,3,28.5,4,Semi,502813
2261,4,4,2,6,3,8.8,2,Semi,2037215
2475,3,3,2,14,2,24.5,10,No,2183124
2862,5,4,3,6,3,2.6,1,Semi,2351352
1376,4,4,2,5,1,16.6,4,Semi,1939337
2489,5,5,3,1,3,3.0,9,Semi,3810642
3948,2,3,1,8,0,28.1,9,Semi,2016339
1812,4,5,1,21,3,23.2,4,No,735072
1960,2,3,3,23,2,20.1,9,Yes,1589400
3209,4,4,3,16,0,24.9,6,Yes,1809710
2824,4,4,3,4,0,19.8,1,Yes,1782260
2233,2,2,2,11,0,29.1,10,No,1798340
2105,3,2,1,0,2,21.7,6,Yes,1995085
2026,1,1,3,9,1,27.8,9,Yes,1757374
3171,5,4,2,10,3,16.0,2,Yes,2287465
3063,4,4,1,15,0,4.4,6,No,2131521
3921,5,5,2,13,0,16.3,2,Semi,2026596
3390,2,3,1,7,0,4.7,4,Yes,1951970
2897,5,5,2,23,1,18.2,8,Semi,2295850
2130,2,2,1,16,1,15.0,7,Semi,1438794
3370,5,4,1,24,2,19.1,9,Yes,2779494
1660,1,1,2,17,1,1.3,7,Semi,1466395
1258,1,1,3,11,3,6.7,1,Semi,773175
3446,1,1,1,24,2,15.2,2,Semi,500000
742,1,1,3,16,2,28.6,6,Yes,993418
3090,1,1,2,27,3,12.1,7,No,825431
1563,1,1,3,25,3,13.3,3,Semi,500000
728,2,3,3,13,3,21.7,9,Semi,1880403
3095,4,4,3,15,2,18.5,7,Yes,2341063
1419,5,4,3,13,2,9.7,6,Semi,2563958
1746,1,2,3,8,2,12.9,6,Yes,1408713
505,2,2,1,3,3,7.3,1,Yes,1306525
3893,2,2,1,24,3,29.0,5,No,963517
967,2,2,1,22,0,4.8,10,Semi,1595303
2255,4,4,2,10,1,11.8,3,No,1292977
574,5,4,3,5,0,1.7,7,No,2275625
503,4,3,1,14,3,7.4,10,Semi,2468728
2370,3,3,2,4,2,23.6,3,Yes,1594697
1145,2,1,1,10,3,6.8,5,Yes,1627019
617,3,2,1,24,1,3.3,7,No,1176281
3428,1,1,3,17,0,14.8,3,No,644107
2129,1,2,2,29,0,1.3,10,Semi,1098983
3051,4,5,3,12,2,3.5,2,Semi,2339718
2521,5,5,3,10,0,24.4,6,No,2046934
1446,3,2,1,13,0,23.4,8,Yes,1468603
3121,5,5,3,27,3,27.5,4,Yes,1596720
1964,4,4,2,17,0,25.8,9,Semi,1666246
693,1,1,3,26,0,20.8,8,Yes,979725
1346,5,5,3,27,0,2.5,7,Semi,2297968
3262,5,4,3,30,2,23.7,7,Semi,2050819
1915,1,1,1,24,2,25.5,3,Semi,500000
3597,3,4,2,27,3,24.2,6,No,1124634
1958,1,1,1,18,0,15.7,5,Yes,1098308
2720,5,5,1,23,2,7.8,1,Semi,1565612
3871,3,4,1,26,2,25.5,3,Semi,993902
2168,3,2,1,14,3,22.1,1,Semi,643096
2873,1,1,1,8,1,29.4,4,No,500000
1933,5,4,2,7,0,5.5,10,No,3230921
1641,4,3,3,19,2,7.5,3,Semi,1312493
3383,5,5,1,27,3,7.1,4,Semi,2114822
2310,2,3,1,0,3,24.0,9,No,2354550
1223,4,4,2,3,3,6.4,3,Semi,2185288
724,3,4,2,13,2,2.9,6,Semi,2047415
1031,4,5,3,24,0,30.0,6,Semi,1427882
612,3,2,2,1,1,1.7,7,Semi,2080025
2687,3,3,3,15,0,25.2,9,Yes,2128270
1058,4,4,1,2,3,11.6,7,Semi,2469921
2548,3,4,1,25,3,25.4,1,Semi,500000
2637,3,3,3,7,1,17.1,8,No,2303700
1153,2,3,2,5,0,27.1,5,No,1230265
819,5,5,3,15,3,27.9,9,No,2532660
2073,5,5,2,23,3,1.3,10,Semi,3389986
2328,2,3,1,15,0,3.2,5,No,1054771
2417,4,3,2,6,3,8.3,5,No,2560713
638,1,2,3,29,0,20.4,2,Yes,500000
3392,1,1,3,12,3,26.8,3,No,1068661
2526,1,1,1,12,0,14.3,10,No,1496119
2806,2,1,2,4,1,18.6,9,No,1894536
1401,2,2,2,24,3,6.5,7,Yes,1350931
1189,3,2,2,19,1,24.3,1,No,500000
2539,1,1,1,21,3,29.1,3,Semi,500000
509,4,5,2,17,3,8.8,2,Semi,1215558
760,4,4,3,14,2,15.3,1,Semi,754755
2442,1,1,2,17,0,3.5,9,Semi,1761804
2173,1,2,1,1,1,17.2,8,Yes,2061391
2719,1,1,2,9,1,15.6,5,No,916769
3445,2,1,2,22,1,5.2,2,No,546291
2560,2,2,3,12,0,13.8,1,No,833856
1691,2,2,2,17,2,10.7,7,No,1766031
2119,5,5,3,14,1,16.1,2,No,1549822
820,4,5,3,30,0,18.0,1,No,500000
1842,4,4,1,11,3,1.2,2,Semi,1900355
2136,3,2,3,14,1,23.1,7,Semi,1711326
2876,2,3,3,12,1,21.7,7,Semi,1709608
3332,5,4,1,17,2,11.6,10,Semi,3309276
3324,5,5,3,14,1,2.5,6,No,2958123
2494,4,3,1,24,1,22.9,5,No,967791
3458,2,1,2,22,3,28.7,3,Semi,500000
2443,3,3,1,10,0,8.0,3,No,1567236
2538,2,1,3,18,0,10.4,9,No,1881388
3990,1,2,1,2,2,6.3,4,Semi,1806204
1618,2,3,3,6,3,17.7,9,Yes,2531844
2104,1,1,2,20,0,5.5,4,Semi,694135
2865,1,2,1,25,3,11.3,2,No,501908
735,3,3,2,13,0,21.2,4,Yes,892809
2469,4,4,3,13,3,17.2,6,Semi,2059267
833,2,3,3,21,2,12.2,6,Semi,1405895
2408,1,1,2,12,1,13.2,5,Yes,1412211
875,2,3,1,11,2,17.3,1,Semi,500000
1660,4,5,1,23,0,1.2,3,No,1188958
3135,4,3,3,8,2,3.3,5,Semi,2768362
2070,5,5,2,0,1,26.6,6,Semi,2338853
3060,4,5,2,18,2,3.3,1,Semi,1758274
1819,3,3,1,10,0,21.5,9,Semi,1867065
3891,1,1,1,22,0,27.7,3,Yes,500000
3465,5,4,1,21,2,8.8,10,Yes,3083281
2355,3,4,2,22,1,11.7,3,Yes,1358393
1872,2,1,1,23,2,17.5,2,Yes,500000
1372,1,2,1,21,1,26.6,8,Yes,915442
1752,4,4,3,18,3,28.3,3,No,1522284
2817,1,1,1,17,1,22.4,6,No,931162
2351,2,1,1,11,3,3.5,2,Semi,1167666
3345,5,4,2,22,2,20.4,7,Yes,2365543
1814,5,4,2,27,1,12.9,4,Semi,1716471
1224,5,5,3,27,3,14.7,9,Semi,2523176
3736,4,4,1,27,3,2.4,10,No,2476259
2552,3,3,3,26,3,6.5,9,No,2317671
3398,3,2,2,0,0,23.9,7,Semi,2347844
3950,1,2,3,18,2,14.2,8,No,2067189
577,4,4,2,27,3,9.7,3,Semi,1014091
3981,5,4,3,26,1,12.1,5,No,1898679
3121,5,5,3,19,3,25.8,2,No,1392253
631,2,2,1,28,0,22.7,10,Semi,911543
1100,2,1,3,29,2,8.9,7,Semi,1152416
2272,5,4,1,16,0,4.4,8,Semi,2416561
1565,5,5,1,4,0,8.3,9,No,2848673
2636,4,5,1,25,0,27.7,7,Yes,1247311
2949,3,3,1,2,1,17.9,10,Semi,2955021
2843,2,2,3,1,2,16.5,10,Semi,2412544
2363,3,2,2,30,2,18.3,8,Semi,1405300
1818,4,5,2,2,1,11.6,9,No,2940126
1115,5,5,2,7,2,24.4,6,Yes,2343945
3347,3,3,3,15,0,16.2,10,Semi,2454843
2969,5,5,1,5,2,4.4,2,Semi,2217299
2388,5,4,2,12,1,4.7,2,No,1773288
1546,1,1,3,29,0,16.6,4,Yes,500000
1074,3,3,1,22,1,28.2,9,Yes,1616048
2690,3,3,2,27,3,9.9,7,No,1585938
1492,5,4,1,21,0,26.2,2,No,500000
3212,4,5,2,21,0,23.2,8,Yes,2072999
2692,1,1,2,15,2,8.2,7,Semi,1878045
1748,5,5,2,27,0,2.1,9,Yes,2467694
3554,2,3,1,15,1,4.0,8,Semi,2187223
1002,2,1,3,2,2,22.1,3,Semi,1272724
2497,1,1,1,27,3,6.8,1,Semi,500000
1320,4,3,2,12,1,11.8,2,No,1132804
2651,5,5,1,13,3,15.5,2,Semi,2007690
3610,3,3,3,7,3,22.0,4,Yes,2422925
2470,1,2,1,11,3,4.3,6,No,1485901
697,4,4,3,22,0,12.8,4,Semi,1456037
2169,3,3,3,22,1,15.1,9,Semi,1892245
3126,2,1,1,21,1,16.7,4,Semi,600713
2938,2,3,2,20,0,24.7,6,Yes,1306260
1702,3,3,3,25,2,6.0,6,Yes,1552998
3101,1,2,1,7,3,24.4,10,No,2038142
1971,2,3,3,20,1,21.1,10,Yes,2514217
3586,5,5,2,24,0,17.1,1,Yes,1656988
2146,3,2,1,8,3,21.3,8,Yes,2114898
2192,3,4,1,0,2,12.9,3,Semi,2081456
1812,2,3,1,5,2,5.0,6,Yes,1978486
2535,1,1,2,22,3,20.3,3,No,500000
977,5,5,3,18,2,16.2,2,No,1356970
1754,1,1,1,22,1,19.5,5,Yes,544021
1422,4,4,3,10,1,10.8,1,No,1103165
919,4,3,3,10,1,27.3,9,No,1857754
2704,2,2,2,22,2,18.0,7,Yes,1480694
3097,2,2,1,29,1,3.5,3,Yes,1202515
1620,2,2,3,12,0,14.0,4,No,758798
3568,4,4,1,10,1,22.9,6,Yes,1990251
3544,1,1,1,17,1,24.0,3,Semi,500000
3982,1,1,2,22,2,15.3,7,Semi,1561418
1450,2,1,1,14,1,26.9,6,Yes,997787
2836,5,5,1,0,3,8.8,9,Semi,3624962
1777,1,1,3,20,0,12.9,5,No,565411
2743,4,5,2,24,2,27.1,4,No,1357939
3145,3,4,1,6,0,27.0,3,Semi,1489940
2357,3,2,3,22,3,20.9,10,Semi,1975444
1016,3,2,2,26,2,25.9,1,Yes,500000
2158,5,4,2,12,2,3.6,3,Yes,2128858
2365,2,2,3,11,1,26.1,3,Semi,1046372
3412,4,4,3,17,0,10.3,7,Yes,2253691
1641,5,5,3,23,3,6.2,7,No,2697251
3353,4,5,3,18,3,7.9,1,No,1673937
2432,4,3,3,14,2,13.1,3,Yes,1885976
3730,2,2,1,7,1,8.3,8,No,2315208
1314,3,4,1,18,2,10.3,9,No,1845957
2775,2,3,2,9,2,4.9,7,Semi,2189218
2400,5,5,1,6,2,9.6,7,Semi,2905755
2763,5,5,1,17,2,17.6,8,Yes,2508670
3495,5,4,1,15,3,13.8,6,No,2176924
2562,2,3,3,19,3,11.1,3,No,1022659
3728,4,3,2,26,2,22.6,1,No,983686
3832,4,4,2,5,2,26.9,7,Semi,2603886
3728,1,2,2,26,1,22.9,1,Semi,500000
2594,5,5,2,8,2,10.6,1,Semi,2169017
2871,4,4,1,20,3,22.6,9,Yes,2248984
3391,1,1,1,12,0,5.4,10,Yes,1844306
629,4,5,3,24,3,4.8,7,No,2158646
3982,5,5,2,30,1,11.0,4,Semi,2148082
594,3,4,1,20,3,24.4,6,Semi,1247367
3174,5,4,1,25,0,8.1,1,Yes,1024099
3302,2,2,3,7,2,2.8,7,Yes,2605120
2455,4,3,3,15,0,4.8,6,No,1997476
3863,4,5,3,12,2,25.9,4,Semi,2145918
1293,2,3,1,12,2,19.4,7,Semi,1295232
2334,2,1,1,16,3,8.3,3,No,852594
3854,3,3,3,22,3,17.1,1,No,800605
2616,4,4,2,19,3,16.3,4,Semi,1758299
2183,4,5,3,4,1,20.0,3,Semi,1724019
510,3,4,3,21,3,7.8,1,No,920536
3825,1,1,3,20,1,26.1,2,Semi,500000
2365,3,2,3,27,3,10.0,5,No,705245
3419,5,4,1,16,2,21.1,8,Semi,2600796
3097,4,3,2,27,1,1.5,1,No,1153887
3705,2,2,3,8,0,11.8,4,No,1805430
1211,5,5,2,1,1,11.2,4,Semi,1986759
2570,4,5,2,24,1,16.8,5,No,1414781
1314,3,2,2,25,0,3.1,7,Semi,1417707
845,5,5,3,17,1,23.9,8,No,2112507
2849,4,5,1,8,2,7.3,6,Semi,2357001
862,1,1,3,5,3,20.6,1,No,502823
2943,1,2,2,10,0,24.3,7,Semi,1219320
2765,2,2,2,24,3,17.3,3,Yes,611286
2688,4,5,1,28,2,22.5,6,No,1276217
3505,1,1,3,5,0,20.2,8,Semi,1913488
3781,3,4,2,5,3,11.3,7,No,2386686
1484,4,3,1,12,3,24.5,10,Semi,2359289
3540,3,3,2,10,2,9.5,6,No,2240708
2139,3,2,1,13,3,17.6,9,Semi,2004325
1327,1,2,1,1,2,22.6,9,Semi,1464524
3230,4,5,3,7,1,12.0,1,Yes,1826509
3551,5,5,2,2,2,9.8,1,Semi,2342453
855,1,1,3,22,1,14.3,1,Semi,500000
3555,1,1,2,20,0,24.7,8,Semi,1042323
1847,4,4,3,2,3,28.0,10,Yes,3185573
3704,4,5,2,0,2,16.8,7,Yes,3157576
3435,3,4,3,23,2,20.2,3,No,1154220
2363,4,4,1,18,3,27.2,2,Yes,1141403
626,3,2,2,17,3,3.9,4,Semi,1502592
3677,1,1,2,16,0,7.7,3,Yes,1322167
3556,2,2,1,19,0,21.6,7,Yes,1501028
1103,5,5,3,28,2,24.9,10,No,2050626
3949,1,2,2,23,0,25.9,8,Semi,1199641
2428,4,4,2,12,1,13.0,6,No,2309071
1513,5,5,3,2,0,3.6,3,No,2418065
550,2,1,1,29,0,13.7,6,No,500000
3600,2,2,3,0,2,7.7,2,Semi,1810065
3867,3,2,3,3,1,9.4,7,No,2295658
3868,5,5,3,24,0,23.4,10,No,2420809
3326,3,3,2,12,1,3.2,7,Semi,2307377
1930,1,1,1,16,1,25.0,4,No,521215
2292,5,5,1,27,1,13.4,8,No,2135114
3361,1,1,3,29,3,18.3,4,No,500000
2136,3,2,2,10,3,3.6,7,Semi,2439994
3976,5,4,3,1,3,10.8,4,Semi,2977355
3917,3,4,2,24,3,3.6,5,No,2259279
2145,5,5,2,15,2,28.9,7,Yes,2218534
2967,3,4,2,1,0,24.4,10,Semi,2412060
1705,2,2,2,28,3,14.3,3,No,500000
3530,3,3,1,18,2,7.5,10,No,2407932
3372,2,3,2,22,0,28.1,5,Semi,642679
3572,3,3,2,18,3,11.0,3,Semi,1713424
2354,5,5,3,24,0,5.7,5,No,2217669
1066,5,4,3,15,3,17.3,3,No,1372333
2918,5,4,1,21,2,28.4,10,Yes,2635328
1435,4,4,3,18,1,1.1,7,No,2091606
2434,1,2,2,8,1,7.9,1,Semi,886171
3208,5,5,3,0,0,28.2,9,Yes,3219081
3516,2,3,1,9,2,6.0,9,Semi,2583432
1832,5,5,3,18,1,4.3,5,No,2277415
3708,4,5,3,0,3,17.5,9,Semi,3325587
701,2,1,1,1,1,26.0,10,No,1823974
2860,4,4,1,15,0,14.8,6,Semi,2000438
616,2,2,2,11,0,29.8,5,Semi,761285
1436,3,2,3,7,2,20.7,3,Yes,1265568
1074,1,1,2,22,0,3.1,8,Yes,1075161
2791,1,1,3,17,1,29.8,4,Yes,875268
1036,4,4,3,1,1,12.8,10,Yes,2923085
2125,1,1,2,24,1,9.3,3,Semi,500000
2622,4,4,3,28,1,17.2,6,Semi,1795379
885,4,3,3,12,2,9.8,8,Semi,2281476
3781,4,5,3,5,3,3.5,9,Semi,3908694
974,1,2,1,20,3,1.0,6,Yes,1301440
917,4,3,2,25,2,14.0,5,No,880125
2894,1,1,1,5,0,25.3,2,Yes,720771
3187,4,5,2,8,3,17.6,2,Yes,2179353
1438,5,5,2,15,0,30.0,9,Yes,2747676
1454,4,3,3,10,3,9.3,2,Yes,1649100
1375,2,2,2,6,0,9.1,2,No,844668
1262,4,4,1,30,2,5.6,3,No,805604
1702,3,3,1,9,1,5.8,3,No,1340713
1705,4,4,1,9,0,9.3,4,No,1616496
1163,2,2,2,29,1,24.0,7,Semi,500000
524,2,3,1,24,0,27.3,9,Yes,1066103
2490,1,1,2,19,0,29.3,2,Yes,500000
1703,5,5,1,17,0,7.7,4,Semi,2051227
1209,4,3,1,27,0,26.6,9,No,1010880
2379,1,1,2,23,0,10.5,2,No,500000
1684,5,4,1,19,1,4.3,10,No,2630277
2724,4,4,3,28,0,26.2,1,Semi,804160
784,3,3,2,8,1,19.4,10,Semi,2156902
562,4,4,2,30,2,5.8,8,No,1505642
1502,2,2,2,14,3,13.5,9,No,1765426
1161,2,2,3,3,0,9.3,7,No,1541862
3213,3,3,2,30,3,22.4,8,Semi,1568264
2703,1,1,1,7,1,14.1,4,Semi,1090017
1992,5,5,1,8,2,29.7,4,Semi,1794290
3620,4,4,1,12,2,2.6,2,Semi,2256028
1466,2,1,2,8,2,11.3,8,Yes,1944536
1348,1,1,1,25,3,15.0,2,No,500000
1607,3,3,2,3,1,15.6,9,Semi,3042192
3932,2,2,1,16,0,10.2,4,Semi,1158450
1188,3,3,3,15,0,22.1,1,Semi,730714
647,4,4,3,14,1,26.4,4,Yes,1095696
841,5,4,3,2,3,28.2,3,Semi,1860518
3023,2,3,3,24,0,24.3,6,Semi,943622
1586,2,3,2,19,1,25.7,7,No,500000
2224,4,3,1,4,0,17.0,8,Semi,2254414
1883,1,1,3,22,2,25.0,2,No,500000
3108,5,5,2,4,0,9.8,6,No,2715041
826,2,1,3,19,3,12.6,6,Semi,1202440
2292,5,4,3,14,1,10.2,10,Semi,2949049
2259,2,3,2,17,3,14.6,5,No,1349067
3712,5,5,2,14,1,9.3,10,Semi,3336280
1489,3,2,1,1,2,28.9,10,Semi,2134188
2762,2,2,1,28,1,10.1,7,No,1053920
2982,5,5,3,12,0,3.8,3,Semi,2180902
1451,1,1,3,3,0,16.3,4,Semi,1125680
1222,3,4,1,9,2,2.7,10,Semi,2656520
3889,3,4,1,12,1,4.2,9,Semi,2749531
2579,1,1,2,9,2,7.4,4,No,1296433
3217,5,4,1,28,0,14.5,3,Semi,1294712
2832,4,5,1,30,3,13.6,2,Yes,1194080
3876,1,2,3,8,2,24.2,5,Semi,1737799
928,5,5,1,7,3,22.4,4,No,1577980
2000,1,2,3,2,3,13.4,8,Semi,1999335
785,1,2,1,15,1,10.7,7,Yes,1359104
3715,2,3,2,30,2,10.2,6,No,1638904
3995,5,5,1,13,3,23.4,2,Yes,1955168
3590,4,4,1,8,3,2.5,3,Yes,2608008
2565,2,2,1,29,1,1.4,10,No,1467075
1268,1,1,3,20,1,24.1,9,Yes,1008523
3137,1,1,2,10,0,14.8,9,Semi,1978456
1894,1,2,1,2,3,4.8,5,Yes,1966757
3746,5,5,3,4,0,7.8,3,Semi,2868661
3557,5,4,2,28,3,28.0,2,Semi,1355796
693,2,1,3,9,0,25.9,8,Semi,836121
